<?xml version="1.0" encoding="UTF-8"?>
<project-private xmlns="http://www.netbeans.org/ns/project-private/1">
    <editor-bookmarks xmlns="http://www.netbeans.org/ns/editor-bookmarks/2" lastBookmarkId="0"/>
    <open-files xmlns="http://www.netbeans.org/ns/projectui-open-files/2">
        <group>
            <file>file:/media/gustavo/Gustavo/Faculdade/aulasFaculdade1-2019/Sistemas%20Distribuidos/ExerciciosThreadJava-Parte2/JavaApplication26/src/javaapplication26/MinhaThread.java</file>
            <file>file:/media/gustavo/Gustavo/Faculdade/aulasFaculdade1-2019/Sistemas%20Distribuidos/ExerciciosThreadJava-Parte2/JavaApplication26/src/javaapplication26/JavaApplication26.java</file>
        </group>
    </open-files>
</project-private>
